Rosalee Kuhn, bennett@hartmann.info, 70420, bd0992a468b8861a16945490e0f1b818, another_column
Tia Bechtelar, max_cronin@veumpacocha.co, 72007-9952, 58dd220e4f682529c78a98723a74e372, another_column
Amaya Mills III, fay@ullrich.info, 76279-9842, c6995b39feba82363e0977eb974af2df, another_column
Mr. Hulda Volkman, cindy@kuphal.net, 31622-1970, 4e7d88a0ee9af3f061d1b372182e5c74, another_column
Mrs. Nia Gerlach, luis@gibsongrady.info, 35410-1354, e049fc09b19a6475e1f3d62b74a71201, another_column
Bartholome Donnelly, astrid@zboncak.io, 20547-4334, 991b97305f48f518e0e8ec13e225e245, another_column
Rico DuBuque, neoma_bradtke@zulauf.name, 1010, c1d7bae4fe37b3f06d64186624e70ed0, another_column
Elenor Cassin, jaylan.schiller@nienow.co, 82742-3939, cd262d1f7d4783240d9f2643a5d9f1b2, another_column
Nicolette Quitzon, christine_macejkovic@lynchmoriette.co, 92185, 34d8ed29ab034cc2ae1fc020d4584e19, another_column
Miss Isidro Skiles, maeve@hudson.org, 80976, 8e6339cd92a0f69670b4ea5e26666691, another_column
Josie Bruen, ruthie_becker@predovic.org, 21103-0830, f4be0dee8aaf5d7cb35246f9b1d7213f, another_column
Dusty Purdy, susana.wuckert@kirlinfriesen.net, 35111, fc51b5c3d43e89bf119902a93437b3c0, another_column
Jack Steuber, hosea@rolfson.biz, 29618, a5c88ca8636274245ac6b10326da4f29, another_column
Caleigh Nader, dolly_rolfson@farrell.biz, 56660, 55a731845a764866476ca1c78ab3420a, another_column
Winston Goldner, libby@rosenbaumzboncak.org, 89619-7137, 77a78faad1956412f782a07ded815ce5, another_column
Hilma O'Keefe, jeromy@rolfson.org, 55696-6153, 62f0a8c131953a7f74b228e7b709be7d, another_column
Cathy Hagenes III, randal@leannonjaskolski.name, 18322, 5a66d3329a6767c2ef2b7f608dd34c43, another_column
Gilbert Schmidt, samanta@dach.com, 12329-6577, e287bb47d03924e16ff403b0cf864989, another_column
Melvin Gaylord, adriel@klockokunze.co, 41904, 63e4207c8ebc5ca2a1369857af05a4c4, another_column
Dena Medhurst, ulises.weber@bernhard.net, 96209, 841ed270a0620ad34735a0aa5ffe37bb, another_column
Stacy Lehner Sr., jadon_barton@skiles.io, 13034-2479, ef0b5c3fc6af5782e34e659075eba7f7, another_column
Amari Okuneva II, saul@glover.co, 71620-0156, 36f30bc9bf8e8f4b88f79426faf11a71, another_column
Miss Quentin Terry, bert_terry@hilll.net, 52524, a4567ee33f71a07e55f17f21b62e55db, another_column
Rogelio Ratke, makayla@cummings.net, 33335-0366, 677a047f12589f1a5e68e727060d54ec, another_column
Elisabeth Rippin, fannie@feeney.com, 88220, 72c91d4121755216ff639c36a81f4f41, another_column
Amina Daniel, floyd_veum@kirlinveum.com, 50600-1560, 2c099b0168f7ffd58455c7b59d3f8c2b, another_column
Natasha Bartell, emile_bosco@hettinger.info, 74308, 160836f4d26112b404fc4cd189bf559b, another_column
Ms. Kirstin Carroll, zelda_kutch@walterullrich.biz, 37027, 2d6240ebc73bf7944607c9dcafc0c1ca, another_column
Laury Ryan IV, mariela_parker@graham.io, 86920, 32b076bb910a22734b1229da44c274ca, another_column
Winfield Bogisich, shayne.heidenreich@stoltenbergkoepp.biz, 47532-0240, 090d49fa19e4cf3505cbb6f43ae1fa86, another_column
Mattie Haag, eloise@boehm.biz, 65304-8130, 439fc044fb1b9b0588975e6660cc716f, another_column
Herta Keeling, demarcus_runolfon@larson.biz, 17029, ab3c96571c2184d34a469e31ba3813a1, another_column
Griffin Keeling, alvah_walker@simonischamplin.com, 33120, 35cd1623a1843343ff31c0ac1e78ab9b, another_column
Gaetano Murazik, astrid@schuppeturcotte.com, 72143-3245, af88f16965124778f2d79a6d40191bba, another_column
Dedric Smitham, brown@cummerata.biz, 40396, 4fe9d36940f4a89e1ebb73ae3acadd8f, another_column
Armani Stokes, ona_leannon@gorczany.com, 49267, b78787359e46137cd5a5edaaa370a549, another_column
Hilda Kovacek, esteban@welch.biz, 80516, f65ecf9bedad58217a97f087f2c2975b, another_column
Audie Stracke, damion.emmerich@larkin.org, 60881-1124, 60c057b1cecef1cfb58257fe45c2adc4, another_column
Mr. Hyman Barton, jimmie.hand@lynchruecker.org, 18487, bfc70ed1d4fa854f172a02c4452195f4, another_column
Mrs. Declan Wintheiser, twila_schuppe@grimeshowell.org, 93260-5720, 00ec3c8edb078391c157b5acbd0315b4, another_column
Yoshiko Harris, alda@medhurst.biz, 43643, aadc255ddaf3079751d0f771284b2c71, another_column
Brooks Macejkovic, elias@oconnell.co, 39661-9655, 22c285b58fb0cfdb8cefb5a390b4b3dd, another_column
Ms. Ardith Kirlin, janae.hagenes@daniel.name, 60586, d50ad24daa096da21aa3de4e62a947ca, another_column
Dr. Rhiannon Gaylord, kathlyn_dare@marquardt.info, 48447-5714, 7649e4f895f14341ccbc491f2abaafc4, another_column
Ashlynn Hirthe, eliane.funk@pfannerstill.biz, 69924, b68ff954dd9aa8c033c7c21eac27915c, another_column
Sylvia Bartoletti, myrl@kilback.io, 60763-1700, 8959035b25366bc90783e7839fafab02, another_column
Kaelyn Schuster, vern_murray@gislason.io, 10006, 19cc6bec6ab3872b81d79007b2573a52, another_column
Miss Jeffery Jacobson, pearline.conroy@stehrgutkowski.org, 54034, 01c08bd3ac1bfe9d71f831a24319f1a6, another_column
Layla Eichmann, prudence_macejkovic@donnelly.com, 70408, d3ea2b621f2c0d4f0f61d2ae31e2dc78, another_column
Tiffany Jenkins II, zander@lehner.name, 60042-0136, 33fbae4d4799dca923e70421856b11e9, another_column
Harry Schulist I, jerald.turner@sawayn.io, 71399, 7fb800e05866926738e2bc7bd6b80d7e, another_column
Stephen Bauch, freeman.kshlerin@haag.co, 30025, 2983bc84a455e9ad6f680641476d8a40, another_column
Brenden Kessler, maximilian.medhurst@effertzerdman.org, 55027-9506, 98986bb9d6e1f88c5beeba9c9e5043c3, another_column
Micaela Nitzsche, wilson@vongoldner.net, 58490, 39a0ac2bb1461200fcdfb7940647506a, another_column
Ofelia Ondricka, annabel_walsh@okeefehand.info, 77506-9464, e871679d831526821945d8823bd35beb, another_column
Miss Maiya Beier, enos@morarjacobson.biz, 87528-7224, 51b6417f92ab8896a11d66613d02c60a, another_column
Rocky Steuber, gabriel@leuschke.com, 44600-0496, d567564d3561ffc06f73a710b1204a95, another_column
Jennyfer DuBuque, colt@mullerjaskolski.biz, 36654, ab0b963d89e6ed24f3ee6585eb45b47e, another_column
Keeley Hermiston, anna.klocko@ullrich.org, 97402, 385bdd8199aff8766517cea19878075e, another_column
Donald Koch, madelynn@torpmorar.com, 92950, eddd0848259781e79365eec5d824598d, another_column
Dessie Stokes, sherwood@johnston.org, 56802, 5f29b9134a6cac05fb59c09d475b5676, another_column
Danika Hirthe, kendrick@hettinger.biz, 11120-2742, 0c4766a585d6bd61041ffcedfc52b3b1, another_column
Dr. Lafayette Price, cecile_terry@mohr.net, 12098, 15a5e7d1f28d3278b1c8794b33a2f55b, another_column
Eleanora Kassulke, lila@kling.name, 33853, 24a68c04fba304e88472f0c9d6392ff6, another_column
Bettie Marvin, fern@gibson.com, 23767-6800, b8f070f3eae96b9fcff54b2eaf80237e, another_column
Johathan Bednar, zackary@bergnaum.io, 41302, aa0de3fd159a55f4d3162ca2495945a3, another_column
Oran O'Conner, roderick_king@oberbrunner.org, 57010-9228, 5e6ca424eb1f289d00a08b05f03fb809, another_column
Justus Ortiz, gunner@heaney.name, 32025, 045d18c427ec1a5936877987dd5fc802, another_column
Eleanora Huels, dante_balistreri@willshields.info, 32074, 70c34b4f3640ffa13b797f26c675ee41, another_column
Irwin Carroll, maude@roberts.net, 77115, 77e5db45fd61171dbdde0961d340394a, another_column
Darwin Von, vivian.wyman@thiel.io, 88911, abbbc6dc1ff5f4d9e2eb7ebcdb528d09, another_column
Minerva Dare, megane.veum@hand.name, 32422, 029c1745dbfacfabd0691a23604ff394, another_column
Izaiah Botsford, rosetta@blanda.name, 74315, 8685eabdf1a68bc04b4022b4665a3d4c, another_column
Twila Dooley, breana@legrosleffler.net, 49682-1783, fc403b5ff8f8efbb668753e299af96fc, another_column
Adrian Frami, moriah.sauer@mertz.info, 15494, 373a2fb39ce9396b3b665adb0c7249b4, another_column
Anthony Dach, albert.wisoky@schillerfunk.co, 27783-0772, 601c0ec50552024cf5269d58547ab468, another_column
Santina Murray, albina@goodwinbauch.co, 46830, c6d7b8f8b3f165434e3430d11983895e, another_column
Jeff Emmerich, natalia@miller.io, 44597-7236, c12125c4487299d1ace96024195fc41f, another_column
Kenyatta Lebsack DDS, sid_fisher@nikolaus.co, 37832, 2bd83136eb2aca1fdfef5fca08088e59, another_column
Gerson Tromp, robert.ferry@wolff.info, 42994, bf6d35c1989e273f56b7c614e681359d, another_column
Yesenia Flatley, berniece@spinka.co, 95463-9071, 79c4499eb6b5639dc6638d8d26a58cd6, another_column
Burley Schaden Jr., eloisa.littel@steuberbarrows.io, 30534, 327c48d7e926a7f60484250fba7ff0a2, another_column
Mr. Athena Homenick, gielle_grady@graham.io, 57854-1189, f7dc45821a8b323e67623e119588315a, another_column
Alejandrin Waelchi, marcellus@schuppe.name, 87566, 0ea785bfad8d9f54e06f773da7107958, another_column
Rowena Eichmann, willow.lind@cronin.name, 46859-0805, 20a0174aacbabadacdc35cd747867d9a, another_column
Ebony Brakus, dorothea@weimann.org, 20691-5977, b433277b1ddda67cd678ca78436c963b, another_column
Evert Stoltenberg, abelardo.king@ebertblanda.co, 40539, 26c4b08dd8e6008784a3268106366460, another_column
Mr. Tamia Medhurst, cheyenne.berge@hilpert.info, 42917, 9fff4cf665e3aee580822f0fc90d22c2, another_column
Mr. Katelyn Abbott, michael.paucek@blick.name, 86904, 238863dd86688a539dac90ceabb6100d, another_column
Jerome Anderson, zoe@lesch.name, 11324-2091, f1b8d1857786b2befb2421986a90d161, another_column
Ms. Colin Mitchell, kailee.ankunding@bernier.info, 39387-3826, 0dbc58fdf8dd3fd119826d123987b632, another_column
Miss Catalina Bergstrom, dedric.conn@krajcik.co, 83523-9387, 21ab7361365634577195572ed074a868, another_column
Hayden Yundt IV, jazlyn_mitchell@donnellyemmerich.io, 48092-6028, 1d6eefbe9b0b42a3b29cdd605ba69ee9, another_column
Buford Reinger, keshaun.dubuque@gibson.biz, 26836, e8086e55c3cfb516c9cd91addbfd70b9, another_column
Cordelia Yundt, evangeline.langworth@hintz.net, 74718, bd0de320c8e2671d65ed63e0802c848b, another_column
Kattie Emard II, leie_jones@flatley.org, 18621, 43de7d6330350e9291647622f8ace2f7, another_column
Angela Keeling, dell.terry@white.info, 77396, c57e0eadbfef3953403d59bd78fef615, another_column
Garett Schowalter, wyman_lueilwitz@kuphal.biz, 97959-5549, fe827b789a82d60906c4b734859e3ee6, another_column
Madisyn Stehr MD, destany@pfeffer.name, 58316, 26ec8f9d843949ffe9b1dd4dbf9b7189, another_column
Sammy Schiller, amalia.stracke@pfannerstill.info, 15178-8356, 2cce08da7db8fe02be231dcf97c7999d, another_column
Jonas Cartwright, eldon@wolf.biz, 44930-7498, 73b5330d84d8fe5befc5d175a0110a00, another_column
Melvin Wyman, velma.connelly@lubowitz.io, 53031-2322, 086d5468baba9ec7fb443070ac8f0609, another_column
Samanta Schmidt, josh.okeefe@mertz.org, 24663-5257, 407e87b1033acfb3be7696dcb249e04d, another_column
Alexander Ryan, alanis@franecki.org, 73733-8326, 459e70a1e6008b5612dc046393d8af58, another_column
Samantha Swaniawski, hortense@joneskshlerin.net, 37141-0310, fa7631201de11b4857719f0c0e73b5d0, another_column
Fae Williamson, nathan.cronin@cormierroob.biz, 64310-2247, 4ede3b5a70c6df41b90bc7ad1e5c6487, another_column
Dr. Sigrid Feeney, jett.watsica@pfeffer.co, 21681-8229, ceb01489fbfaa85c8c31adaa113051ec, another_column
Abbie Larson, danielle.howe@lindpfannerstill.info, 30155, a283040e8fa0df1a62fca05daf5c5a00, another_column
Cristopher Rowe, dewitt_white@crist.com, 51154, bbc897260bf6e735da25861ce1b7b97f, another_column
Chaz Hudson, burley_lowe@dickens.co, 16094, b11534ccf32bfb40c88d8a92f4d1bcc4, another_column
Ms. Sidney Mitchell, gene.ondricka@collinsmarvin.io, 19126-0919, 13297ec8434e5018ec2fb7048f905d5b, another_column
Andreane McLaughlin, darrion@howe.co, 14374, 7f59e093ca9845b9d00fda147386b868, another_column
Meredith Mante, trent@wolff.io, 43214, e2088b1bfa00701a2c7271a87bd15d35, another_column
Dr. Dorothy Kozey, beryl@donnelly.name, 97600-1263, b0f88356bab3fa68f34ea8e185564271, another_column
Vidal Moore, rick@murazik.io, 63536, 80366274157d8e9abb04dc89412f9470, another_column
Jovanny Schaden, otto@bosco.biz, 99316-0587, 64cf42ccaba900e6e3c615c786b90c0d, another_column
Janiya Muller II, domenick@osinskibode.org, 91333-0937, 4f78dca86412831ca404c9cdef531634, another_column
Mr. Angie Rosenbaum, braden@ferrymclaughlin.co, 74745-9843, 66d7487cc2ab44b8ada8bd13d9def074, another_column
Jaquan Bergnaum, hortense.kub@swaniawski.name, 55131, a89615a528d6ef39311791dc8b57d573, another_column
Dr. Quinton Parker, gregoria@rogahnschiller.org, 94948, 6e3ac66330de4f04f5f6ddd54e0352ed, another_column
Else Hettinger DDS, mayra.yost@muller.name, 70766, b0117253298f02aba3d08d2062c121c9, another_column
Stanford Walter I, orin@keeling.name, 35549-9741, cc38d005df611a3f005549f0038e8b17, another_column
Sebastian Waelchi, walker@sipes.com, 98240-4920, 4d24f7a5f314b47ef10429b3f9999f1a, another_column
Miss Jackeline Altenwerth, stacey_zemlak@zieme.co, 81944-2739, 24ed8a437266937c88e89d628f51af78, another_column
Stanton Littel, telly@rodriguez.com, 37315, c5dfa91d9d517b649252186a533e94c8, another_column
Sheila Turner, christiana_schroeder@hansensteuber.info, 92110-0077, ca08ae52f574aeaf8b56dc1eadc0d6ac, another_column
Peggie Treutel, aleia_bogan@stamm.co, 64701, 937f1e517fed5901954f5ef04239c20f, another_column
Patience Dickinson I, sally.becker@gorczany.info, 97408, c032b802feb8bd120637e2a868db8074, another_column
Antone Wintheiser V, michael@beer.co, 45244, 4ce7027335f3ccf89126a19ac9bff37d, another_column
Brock Tromp, loy@okeefe.com, 99333, 42d8950d63e5bb6fdf576c721fe200f2, another_column
Mrs. Judge Buckridge, humberto_durgan@gutmann.io, 92446, 4463d42690302181dda99f0dbae0964f, another_column
Jaylin Gaylord, tamara_torp@mosciski.com, 70740-9634, ca54bee76788da11688ce9058f0c30cc, another_column
Raven Hills, antonette.king@zboncak.biz, 55181-5575, 31e67f7d2bc64b2ab69675ab3f993f1c, another_column
Miss Genoveva Beer, korbin@berge.io, 54142, 66b61ad01ac5d1f1f4b434dbb5fa3b6a, another_column
Aron Gutmann, ronaldo@bruenlarson.net, 11161-5683, 7fe1e4b021560f8cf9d19b99e6fe84ab, another_column
Dr. Autumn Bauch, noe@gorczanybarton.co, 58384, db524139e32c5e3f6c1890ab70881f80, another_column
Rhett Walker, harmony@klockoparker.info, 55227-3868, ac7b0b0c01d9ee23ee29f95361ec5671, another_column
Karina Gottlieb, jonas.rohan@beier.co, 80670, b86cbf257ef9d11181248bbebd89dcce, another_column
Ms. Bernie Kub, heather_jast@blick.net, 80315-6761, d40713fec8962cfff15e36bbc7a901b2, another_column
Izaiah King, doyle@koch.net, 27220, 3743f54a650da861686b51fb9cda9895, another_column
Lewis Swaniawski, herta@lockmanlueilwitz.com, 39170-9535, 5ce23274db67d1aa778fbb65bf7a746a, another_column
Mr. Clair Collier, xzavier@brown.co, 97191, 47736ec86a0c173267dc8668756282a9, another_column
Leda Schaefer, mathilde.bartell@cummingsbernhard.com, 65042, b08bc4fdd058709253a0cbf1ae441247, another_column
Chad Homenick, wade@stamm.net, 50785-6530, a73a5b395f7458e40892bf1f3427ac19, another_column
Justice Torphy, camron_hodkiewicz@ortiz.com, 33379, 6b9e2dcb0fcd1b5f47d5053d9cc9b916, another_column
Dr. Eileen Hackett, verner@tromp.co, 34516-7225, 5bb8a097c94738adc824a83ed79c5fb7, another_column
Helga Considine, fern@champlin.org, 45809-2515, db3fdfaa2fbad57484779341eec4e924, another_column
Annette Price, alvis_lueilwitz@torphy.com, 34116-8013, a825a60e3e7de8fc21f0809c8c652fd3, another_column
Mallory Spinka, asia@marquardtheel.io, 66082, eccd30151d57543d83b19f50cd4e4ef0, another_column
Oda Okuneva, curtis.muller@welchhahn.com, 32773, 5dc2a87bcb780801cc215604cbb7c861, another_column
Xavier Zboncak, bernie.thompson@kihn.biz, 15049-5050, 0ffa6ee476c7af8d1c6b73c09cd24a42, another_column
Gregg Williamson DDS, norwood_lubowitz@creminschumm.net, 50184, e1a1ec490deba2d2a855c3d28a72ea1d, another_column
Cletus Nikolaus, imani.stanton@gibson.net, 66831, 454e56bff8ebd9551f33d8130211e77d, another_column
Edmond Mraz, mercedes@kub.net, 96467, b798e630dea6feba3634e78b24b5d5b9, another_column
Brielle Blanda DDS, nellie@zieme.io, 87180, e1aebfaa0b9006b3b4fa0c978c04e3e4, another_column
Royal Pfannerstill, bud@daughertykunde.name, 42240-3024, 9f98f9ae849be21654cd0969d9b93269, another_column
Sister Emard, jalyn@leuschke.org, 68432-7514, 682272f30c06a6efef5597b231fafa66, another_column
Bernhard Bartoletti, declan_keeling@ricewalter.io, 87106, f77ec2c7e7ed3815bdf3060b47af4d50, another_column
Cody Klein, kaci.weinat@schroederorn.biz, 47335, 53a2a282b20ce09c6b9ddf3e2ff21c46, another_column
Avery Terry, leie@ankunding.io, 57417, bbc361f162ba93eea395327f7f5f0b5b, another_column
Emiliano Conroy, ellis_parker@rutherford.biz, 40077, 82e17dd1a53084a7d135eae19b1dbe03, another_column
Dessie Waters, chesley@frami.io, 63665, 2f5effa372ce748c2938247516ec5c2c, another_column
Adam Ratke, bradford_spencer@kemmer.co, 34059, 786496e86e147400b45f206bdaf2562f, another_column
Mikel Hand II, reed.balistreri@collierkuphal.io, 15384-5827, ceabcfd2bf3f447afde2fc7dc96937ee, another_column
Daniella Gleason V, brenna_stroman@stammkshlerin.biz, 85111-6687, 350ebfed0e55c34f3a0f522f75ce4b98, another_column
Elise Gorczany, luigi_anderson@littlecollier.info, 86720, 88c6fb45d47f1d633e7f11259892f78a, another_column
Mrs. Kristopher Hilll, solon@glover.co, 93356-4981, a16b28c6b6f31287ac2e0856fc0a84ee, another_column
Wilford Boehm, tobin@walshmoriette.net, 58552-5965, 6dc96f52104a6d9a3f7da86e8637e239, another_column
Shaun Aufderhar, zena_lowe@wunsch.biz, 55753-6307, 8a530e88f57e6fd357446104f37578c5, another_column
Amber Krajcik, rosanna@kerluke.net, 96012, d8f2799260aec6bbc25580bbe4f027bc, another_column
Vivienne Runolfsdottir III, paxton@lueilwitz.name, 26839-9465, 750d6e829a4c0f7dc50bfe6438cd3da0, another_column
Ms. Kyra Wolff, winifred_heel@haag.io, 69814-7115, 5a492d643cefb8cbdfb751e7c4904a99, another_column
Christian Collins, camren.runolfon@bartoletti.net, 43172, a56a74f615d0854cfd66ee7d635a3669, another_column
Madelynn Block, liza@ziemannkutch.org, 28218-9809, c5279d517c15312ff525aa8157a83470, another_column
Miss Moses Sporer, stacey@haley.info, 34980, d5c6109f64735e358de21d97a502b0bf, another_column
Lavada Jenkins, cora_homenick@kovacek.net, 14275-4618, f7929a00a220f6d197a125b5eee0c401, another_column
Damion Carroll II, mary@koepp.name, 57356-2519, 3b8a606efcaae89d16e7637e038956f2, another_column
Iliana Schmeler II, keely.windler@kiehn.name, 72045-0304, 896136c9d787bdd5b87335f994000dbd, another_column
Federico Cummerata, ruell_skiles@bashirianmedhurst.io, 99505-4126, 3d1efee1c81cd9629b906b98d2ccb843, another_column
Filomena Schuppe Jr., derek@baumbach.name, 38587, c00ba0674282b0616a3c8e42a6fedf57, another_column
Mr. Marcelina Hintz, avis@turnersenger.biz, 90056-8327, ce8dc3a3ca047e40db405b8341e3e302, another_column
Ali Yundt PhD, rebeca.cole@labadie.net, 17655-9599, c918265e6ea00c2d8f62bbc5e1b7ab73, another_column
Trey O'Kon, evert_steuber@hintz.org, 94571, 43a81c7ee1d98e3e0abec21d114bcd68, another_column
Emely Wisoky, anabelle_bergstrom@bashirian.co, 43024, 5ceb78cef8810ba2147effbe082c76be, another_column
Mara Mohr V, luz.bogan@conn.co, 22848-3151, 2f75a64736973e7b3ac151da55942eab, another_column
Jeff Hand, dejon.sporer@stamm.io, 78799, ba12c5da94fc4aaa4c51c4fbe5f403a6, another_column
Bernita Ferry II, tristin@bergnaumboehm.net, 55473-6123, 5da15a9bcbcf2263be26690aae76db8a, another_column
Mrs. Raven Leffler, axel_willms@sporer.biz, 47999-0725, bcc95bfdb5dd6cfff1356a1780fa8db4, another_column
Cortney Dicki, cindy@fay.co, 19664, afcae71386142dd62e9e1aef1b61786c, another_column
Porter Bergnaum, mona_stehr@hane.org, 92052, 8f6a1418008d3f18b2eced89a5268478, another_column
Josiah Crooks, nels@harber.io, 58020-2507, 226d6caec39773dce0bda54a780f4221, another_column
Bella Feeney, jaylon@oconnellreilly.name, 55431, bb942eb571d356ac3585c49be9d76ef4, another_column
Dewayne Torphy, josianne_crooks@skilesemmerich.name, 13967-6315, 290d5d9ea19c35ee3e42a00eeaff7dce, another_column
Miss Waldo Kunde, alford@haley.name, 42580, 2d8d59301776f9b7b744d9ef20921c85, another_column
Kelsie Bartoletti, bo@raumccullough.info, 27275-4076, 0bf3f3ec7aa837b48a6148c24df453a1, another_column
Kari Rutherford, patrick_emmerich@keler.name, 66303, c9e7bc481eb32b94c08b49de8f1666c5, another_column
Kelly Bernier, thad@dietrichyundt.com, 49860-3384, 9889950675e565593a587a59e0a30d85, another_column
Randy Hamill DVM, junior@abernathy.io, 89622-3684, 1e67cb0df3d3be299ae43425372f3d16, another_column
Lindsey Wunsch, donavon@lubowitz.biz, 43582-7446, 6dbcd87bce45412801b2a9a1d99d83b5, another_column
Jules Windler, fausto_veum@schulist.info, 19848, 764a3274cf71be3fe5166bd7b54e1c3d, another_column
Hanna Pfannerstill PhD, ian.koelpin@jenkinsdickens.io, 22259-3594, a5e799ed5ecdd8e32686163f187f8efa, another_column
Nakia Legros, martine@pfeffer.info, 42733, 2e47d3a11c05c3745cf44fbf6d2edc0e, another_column
Ms. Angelina Morar, minnie@townelang.name, 99924-9735, ae259f06ee3430b5c51f468a43361348, another_column
Dr. Buford Bins, kitty@monahan.info, 72797, e3e889bc7a6612d2784ac4b07dda9572, another_column
Jessika Carter, robbie_bins@heidenreichschoen.io, 50000-0312, 70eaf3161dcb36181a4ae5214116ba5f, another_column
Lorenzo Reynolds, ruel@heidenreich.io, 77304-6029, 2d451fb8a25519490e118a28ea301537, another_column
Esteban Koepp V, ara.macgyver@barrowsabbott.net, 89473-3751, a1746f15d3bb6d304b5d419d17bc1232, another_column
Buford Cormier, gabriella@smith.com, 74463-5273, 27b134a34644ade9c7c620cee66dd425, another_column
Keyshawn Christiansen I, adolphus.maggio@andersonmetz.name, 45260-8952, 3d98c4d08aade71be6298cf5196404ef, another_column
Domenica Ebert I, tad@hickleherzog.io, 43869, 056e2594c39621900c32ab1908b3e979, another_column
Jane Durgan III, kyla.leannon@windler.name, 44553, 03d1af1e57bf1a48fdf46cccddc0822c, another_column
Uriel Emard Jr., hank_nitzsche@bayer.biz, 90201-1279, 95527329f175b88379cf242a86e14af1, another_column
Demario McGlynn Sr., anya_bruen@lang.net, 69611-8511, 97399094dc5309465243326ba6d89456, another_column
Mylene Wunsch, elaina@powlowski.co, 67182, b1d4a1b74c8100cbead86980988ed35e, another_column
Erna Reichert, hans@koeppbahringer.org, 39390, aab58f0a7e7605c35cf0f044760d84e5, another_column
Florencio Legros, cecile.hilll@west.info, 60398, ae82334cc670ba07e29d42403f0d0350, another_column
Horacio Walsh, heloise.altenwerth@roweflatley.org, 91329-2811, 4db638d7b63d3acd1de794386af22de2, another_column
Ralph Fahey IV, alysa.miller@rice.com, 20649, c1c3d7a4da78f1e7b6321d8ea6743cff, another_column
Johanna Flatley, pedro@wintheiserfritsch.org, 83119-1451, dd6ec01e53d97cd3edd5e35c54528e5a, another_column
Rylee Wisoky, agustin@kuhic.com, 51517-7582, d34143006b176d41bd65c0d7623244c2, another_column
Hildegard Schumm, hosea.lesch@herzog.name, 86881, b841eff5e1283e8042be209e9d404708, another_column
Athena Mitchell, jimmie@white.net, 17990-8545, bf2d83eeeafd7e7172e5617d2dd847e4, another_column
Vito Abbott, adrianna@dare.org, 90869-4317, f6ce5fb3638e4d885631cb99f994c8cf, another_column
Vicenta Boyle, willow@daviseffertz.org, 74748-7433, e484a16f16a900145e08f21b469e1306, another_column
Angel Hickle, libbie_johns@gibson.co, 68208, 9a49c261fdc8ceb9d136e7c7ed15ce3b, another_column
Albertha Lehner, madilyn@kuhlman.info, 30903-1378, 72fb388b13d7d8325a3962ee1a58d151, another_column
Colten Waelchi, angus.leffler@blandaconn.info, 54557-8083, 9e844c7878f2826e8073418a76320141, another_column
Mr. Tyra Gislason, malinda@champlinbartoletti.org, 91343-5593, b8223cda3ceb4b50d86bc93191b1bfe2, another_column
Wilhelm Murphy, delta_hegmann@bosco.name, 76028-3485, 0f81911f95593253ade75a213f947d84, another_column
Mr. Bert Doyle, kory_wolff@kunze.name, 42022, 5a2bb6ca4e1a473af550c3e73e07d4eb, another_column
Rick Hilpert, romaine@cruickshank.name, 42291, 5a5f38d06ccc8d410758ccda38a990ff, another_column
Romaine Beatty PhD, trace.kiehn@anderson.com, 95002-6471, b79fd372d8d573c02a54c0f4d88f8305, another_column
Ashton Gaylord III, ashly@west.org, 89940, a50de9bc29ffe6f04560d65f29668ba4, another_column
Mr. Clarissa Brekke, randy@connelly.net, 35302, d776ffb7fc7b926ff94069407643ca71, another_column
Shannon Emard I, nestor.rohan@bechtelarreichert.com, 93179-4421, fa68fd160ad0080de4c6e9acf4f0446f, another_column
Kylee Emmerich, joanie@hillsgerhold.net, 19338-7541, 9015f4229ce2fbbaae447645372dc8e6, another_column
Nasir Gottlieb, aleandro_connelly@bogisich.info, 31778-0754, aa3c11891fc4296c112a1f798318ea7e, another_column
Favian Ullrich, dante.johnson@kemmer.net, 10606-2849, b160d9e31a541e10039d4479eedcd3e5, another_column
Andrew Schimmel, dorcas@bednar.org, 85585, d5fba78dfb27799b7903b9370a63cf81, another_column
Adan Romaguera I, keegan@oberbrunner.name, 22419, d2bfbe511f58016c8978d4233c6f0957, another_column
Ford Moore, gavin@kelerlarkin.biz, 85713-6925, 3f5aab7f092932c71916e7287e12965c, another_column
Zora Schumm, connie@schmitt.biz, 64848, 1ffad5d15dea85681f2530e226381046, another_column
Dr. Norberto Ernser, susan_towne@osinski.net, 90016-7631, 7e8e6a43c6c07e556a8a368d20f7c139, another_column
Johnny Hoppe, deanna.reilly@lebsack.net, 63720-3513, 22415e88a3ca2ab37ec26e28f2ca0265, another_column
Immanuel Rowe III, isabel.hirthe@johnston.biz, 90038, 7275e0eba4060abf5a19ea8a775d9907, another_column
Bryon Von Sr., royal.waelchi@hamill.net, 38612-2487, a386395900aa1cb1b62dae7ff70fd8c7, another_column
Marty McGlynn, wallace@walker.info, 56975, b8d66c730dc06d269b1861e2d0bd5b3d, another_column
Mackenzie Mueller, haven_pollich@feil.co, 31612-6682, 9cc3fdc9528848e23758b4eb77696c20, another_column
Bennie Balistreri, briana@reynolds.co, 22804-8430, 441c6360604826bc14713573f0cf99a8, another_column
Zelda Muller, hallie@cummings.name, 50187-1923, 6a80c85b951366ccc1fa63711af47583, another_column
Jennie Streich, jamal@wehnerwisozk.org, 61810, 5be408cf005578474250a9f266e36967, another_column
Chance Greenfelder Sr., howell@simonis.io, 31784-2787, cebeb0e1dbd3fc5d1e7a62a989729830, another_column
Shemar Walker, neal.rohan@von.io, 67818-5941, 784f4caea26797ffc99e9be03817fb45, another_column
Myrtle Miller, mafalda@prohaska.co, 94928, 309119dfac1b920f204092e5a6e4b1ba, another_column
Ola Dare, lelah_hegmann@ritchierunte.io, 52113, 3132ff33bf872bfced0a7f7dec6ed79b, another_column
Avis Ferry Sr., karen.oreilly@marvin.co, 27334-2960, e6edbb2bc3c61fb7e8f4989a39cdc2ad, another_column
Miss Lucas Cole, gianni@durgan.io, 68312-9576, 4efcb5e4ae56eeb6bc716a398d537266, another_column
Bertha Hickle, reymundo@von.info, 23016-8884, 4e6cf555799a6b62a26eff3980f87a04, another_column
Wallace Sipes II, kenton_skiles@bins.io, 58227-5392, 41faa2843321d8c884648a5dedcb076d, another_column
Myriam Olson, adrien.moore@ruel.biz, 99094, 144e1f00750e4b75607103e9da88aee1, another_column
Marian Lynch I, justina_lemke@binskilback.info, 60386-9485, eb14ed651f929825f92764d248fa1e10, another_column
Anastasia Maggio, enid@ortiz.com, 17024, 1a3f41f07f6342661c9005de5ba5a7b1, another_column
Rowena Medhurst, hester@rath.biz, 28566-2830, a1031a3108c8cd4ff7fb02332a8d581d, another_column
Kyle Roob, eunice_wolf@orn.com, 39145-7302, 555a40560808bcfb479ba386041261bf, another_column
Miss Gracie Kautzer, keshawn@luettgen.info, 46121, 03cb5f501954ee8605619a040ddf4926, another_column
Jayme Labadie, abagail_boehm@bergnaumhauck.co, 18001-4145, 7b729684e4b72a70714368eb655dc1ff, another_column
Russel Kautzer, wilfredo.zulauf@bayer.name, 49198-3863, 826ea140cdc6dabdc152b81d552e6810, another_column
Mrs. Lela Roberts, cydney@dibbert.info, 31208-4974, aa5c0773d2b8ec2d5afa25b6b98c4a71, another_column
Keven Skiles, ladarius@goyette.biz, 76080, 305238cf9995a4476b7581f131a28b13, another_column
Charity Durgan, elyse@beer.com, 12325, 10b6e85ff8421820241cfe541d0c1e50, another_column
Sandy Jones, gilberto@langoshreynolds.co, 34247, 6c9b1f6a42310949b952da1801990531, another_column
Ms. Ayana Quigley, gabe@weber.net, 75746, 280abe14cdf2dfff905155cbc5f916f3, another_column
Kyleigh Feeney V, deion.schumm@satterfield.co, 88217-3378, d518ea96558aeb7e352238b9aa51eef1, another_column
Miss Rosetta Dare, vernice_gutkowski@pacocha.net, 43279-4662, 45bfcb7d943b2d40b45a821adedf21af, another_column
Oleta Welch, jacques.kozey@langheidenreich.name, 74803-6133, 7c647431708a75b81233f41e82f1c1ed, another_column
Antone Murazik III, laurel_hand@goldner.net, 87897-8706, f81dfe3abda6c15948d63237ad646065, another_column
Layne Greenholt, roxanne_mcclure@schamberger.net, 41499-4843, 66e25e09f2ee2e407f41f2e193d1b16b, another_column
Jayden Kozey, eulah@weinat.co, 12130, eda43ed9f759a709f08fc09076839889, another_column
Lauryn Runolfsson, tony@zieme.net, 53832-3066, 236b6ee532db2e1275e92ae856cf8dbb, another_column
Burley Ryan II, tavares@swaniawski.org, 59791, c7d6f95999b8057e51cc16edf0752862, another_column
Desmond West, matilde@wiza.info, 24035-0860, e1d4492fb200a09fef0a48ecf976760c, another_column
Mr. Mario Cormier, unique.turcotte@mclaughlindurgan.io, 96268-0777, be79a9b7eac9b85b3a377f7ca1c125e1, another_column
Linda Bogan Jr., jude@abbott.net, 52404-6737, 754b0d685fd072a65761edebfff59057, another_column
Mariano Stamm, elbert_luettgen@blanda.io, 60153, 8309ab5fde141b9d1604062d4ff874cc, another_column
Linnea Lubowitz, bernice@wisozk.co, 66345, c7fbd934dc688e3ff3b2ceeb8af353b9, another_column
Anabel Nienow Sr., douglas@torphy.com, 28766, 3d70c87447e12eb373c0ee246c1348d3, another_column
Charlie Stoltenberg, luella@steuber.org, 72445, 09af3a41932e909eee534836d07ad235, another_column
Elinor Weimann, claude_mann@leuschke.info, 97549-6843, 9d337b47efb3c6a415e3cccd7b14fa9c, another_column
Conor Sauer, kobe@will.biz, 12216-8148, f9fba5281ac93287787dae27df14fb28, another_column
Angelina Heller DDS, rosetta@moriettestroman.name, 31783, c3873b18530521e0c23ff4e6175221f9, another_column
Clemens Fritsch, garfield_marquardt@moriettebartoletti.name, 92659-3537, fecfb8dedfa8b954a7b487082d6a1bf6, another_column
Quincy Fay, darion@goldner.co, 62437-6771, fef32eab0b8c3a95ebcc5f9c2edce1d4, another_column
Anais Lesch, sydney@wehner.org, 70203, d1d85d62dbaaf4e275a1c980f5a4bad5, another_column
Miss Jody DuBuque, anna@gloverreilly.com, 33954-5448, 6e16784d2144936be99024c8a9f4c3d7, another_column
Mr. Shad Stracke, sasha_maggio@wiza.net, 60603-7520, 700fccc1f028ff8cae0973542acbab83, another_column
Agustina Koss, addie@bechtelarwilliamson.io, 11731, 406868de04dcbe3a4bfac06485081619, another_column
Janis Von, tyra@wilderman.co, 97170-7698, cfbdd67eadb0d4dc0098bfcdd3855dc7, another_column
Vivien Abernathy, raina@douglashagenes.co, 78396, 5f36ec6fc87b644b1a8ed1ebe696965d, another_column
Ardith Watsica, elbert@pfeffer.info, 66072, 1c6e7bf7bdb787c523b0a8c28da3fc53, another_column
Gerry McClure, mia@heaney.net, 44964, aeecb71dc0a7881dfbee6f487d2a0ee8, another_column
Dr. Patience Fay, haven.cummerata@hermangutmann.co, 25140-1675, 26dca463ba36d642ca9b14f63f96a191, another_column
Rowan Bogisich, timmy.krajcik@green.com, 48036, 259342b91af95031a9fd90f122a0d794, another_column
Hortense Ratke, erica.shanahan@torp.name, 79064-9947, d35cd963a8c157c999d2fcd9a90b5735, another_column
Jermain Hickle, kyra@howe.net, 93697-5603, a62f1d0d5e59b37e1aacfe0e40e112b9, another_column
Simone Gutmann DVM, edmund@smith.co, 41383, cfc7a346f40ccd6f410e3a6be40f09cd, another_column
Creola Runolfsdottir, alycia_ondricka@turcotte.info, 39434, 165c7e49bcaf70de7bf5ec7f3897c107, another_column
Leonie Hilpert, lucinda_gusikowski@stammgreen.name, 97634, 1bf2ccbbf830d5c59c7391777a4f9616, another_column
Winfield Boehm, kasandra@hills.biz, 20195-3201, a686e64395c2766f824e636c500a4ff2, another_column
Euna Wisozk, jee_cummings@metz.org, 98197, 1f3617a0e2ac2934140a322429ac891f, another_column
Gerardo Wunsch, ransom.grant@ziemebruen.com, 65085, 1dcd8d124d8c9e0ec90306d39a97640b, another_column
Rickie Walter, nat@beier.name, 27814, ac447686f982483ce11cbf5f2125e338, another_column
Bessie Kuvalis, lincoln@dietrich.name, 92412-4971, 06218dbd8308267b141e91750cf5ee78, another_column
Marion Berge II, erin.schaefer@kirlin.info, 91822-9397, f329d1f50287c2bd149151562ce263a0, another_column
Everett Beahan I, antonetta@gusikowskigoyette.co, 32866-7725, 84488f8471af1e20c107089e65d302f2, another_column
Althea Carroll, sierra.bergstrom@dicki.name, 46296-6850, 2dc6ae087ad1a37aed531c385bc048ea, another_column
Tatum Ernser, nicholas_koch@grahamblick.biz, 77472-8492, 73153293685c90a903278e83b27104ca, another_column
Jana Gutkowski, talon@kreiger.io, 20598-4036, 6f75b725c76e5343eeebf9190e698655, another_column
Jordi Morar III, gielle.conn@schumm.com, 10318, 9ec66ea067c2cbde8957d4e229e2ddfb, another_column
Miss Edgardo Kulas, freeman@bashirianskiles.com, 45622, 59350b065bccb241f8b0e7bdba27aee8, another_column
Leanna Howell, may_ziemann@wymancain.net, 74697, 1ea85877e2c4bb7ad932eaedea75d902, another_column
Zola Wiza, roman.feest@wunsch.org, 11529-5503, 3b1705feba796c073dad522efa9f6bb5, another_column
Shad Ryan, ericka_zulauf@turcotte.name, 47507, c82dc5886541b010ffedda27125fc1a5, another_column
Dr. Lacey Becker, iac.olson@bahringertreutel.name, 51918, 944df36fd8b04836327584e040bc3285, another_column
Joseph Trantow, minerva.mcclure@frami.biz, 79801, 5eb934ccaaf55146103ceccd7844a5d2, another_column
Dixie Halvorson, nolan@lehner.biz, 81758-9307, d4daf731c2fd3b7401df778e73fc0dba, another_column
Mrs. Rahsaan Parisian, karen_gibson@casper.net, 85880, 1a31d52a538ecdba5ff3c83cd22b309d, another_column
Arely Bradtke, arnaldo_kuhn@weber.name, 12204-6060, c7d7645f368d4b52724ac91216794893, another_column
Judah Hagenes, onie.stracke@bechtelar.info, 90153-5759, 29bb060c6ca91396bd284b1fdf2753cd, another_column
Mr. Jamar Schmidt, enos.haag@oconner.com, 49027, c6af20b95f304610fec47b6c0735f3f3, another_column
Ozella Grimes, lesly@brakus.biz, 80974, b76744c572c4ae393fdf3bc5fd11a46a, another_column
Claire Murphy, ruby@bogan.name, 34740-8348, a7dcce8ad80d034bf12ecd7515065759, another_column
Lexie Wisoky, alexzander.goodwin@tremblay.org, 15260-3067, 71607e320680d6fd8413473fffc52a57, another_column
Alba Nader, sylvester_lind@cole.biz, 52136, 657e214170cbdac3700452a8b704b14d, another_column
Rosalee Buckridge, angelo@schmeler.com, 12300-2983, 4bae57d0ae8fe63a37de54d468879fb6, another_column
Trevor Aufderhar, buck@harber.name, 56350-7386, 999262b2304e9ec81183a77cc9a62885, another_column
Dr. Lacy Schneider, dewayne_schoen@davishickle.io, 93678, 65de8382e8e1ed13d5e4f37c462baf64, another_column
Wiley Bernhard, duane_oreilly@koschumm.co, 51032, 37693fed6026119219d07845e17c2d75, another_column
Dr. Beulah McClure, kennedy_hamill@emmerich.biz, 55248, 56cb75742e1d5dfdfe2999d319ee9bfd, another_column
Mr. Wilburn Mante, marlee_nicolas@lynch.com, 29512-5651, 98cc97097c6ae5fcbd69a24c022f5288, another_column
Giovanny Gislason Jr., deie.herzog@heller.net, 53428, f8f467ca3ff5543541c635dcc2b94d08, another_column
Noble Hegmann, eve@crona.org, 32703, 659eee441fde145a58afb23328d17c93, another_column
Green Gerlach PhD, helena.gusikowski@nitzsche.net, 31012-1798, c927783ed26dbc862ae159beeb9761f0, another_column
Chadd Braun, augustus_blanda@mcdermott.name, 64245, d1d54fe0e3111cd317854e278f24666a, another_column
Nasir Blanda III, aida.moen@graham.com, 60149, 0aa2854c1d9dc42618fa826be40719d0, another_column
Margarete Effertz, johnnie_donnelly@emmerich.co, 11856, 83baa834742603f27a68f737d97e2712, another_column
Erika Stark Sr., manuela@smitham.net, 53903-1898, fa2754f8ef01d655648666b75a747ba7, another_column
Dr. Emilie Volkman, marley@bartonbashirian.net, 69313-9092, 270510b66ab1b3710a8cf0e4e8a1fd2a, another_column
Juliana Kemmer, skylar@carterstamm.io, 29300-7835, 22f993260d8fb897910fcb22ef476e38, another_column
Tracey McDermott, kelley@harris.io, 51623-7708, a3505569e8f6b246c9095f57cdd8d467, another_column
Ms. Joesph Harris, walker@gerlach.co, 68800, 088377c8da77ee721c2527df045f4ef7, another_column
Dr. Keshaun Weimann, minnie_heaney@padberg.com, 12892, ffa08c1cb044568b2c41a5e90df6c496, another_column
Jermaine Strosin MD, adalberto@altenwerth.name, 57586, e2d9de1109cb90f51e7ea52070cc049c, another_column
Carol Hettinger, braden.kohler@hegmann.name, 54668, c0b0b40958459a87d376571beb52986f, another_column
Francis Goyette, alphonso@schmittshields.com, 99746, 45e331312885e05989602713a562d018, another_column
Itzel Jast, cynthia@waters.org, 29104, bffd9629983d25e7694781dc46762fc5, another_column
Natalia O'Reilly, eldridge@oconnell.co, 90258, 6e158039aa9069cad828d52f411b2663, another_column
Eulah Larson Jr., michelle@walterbotsford.com, 34682, 0cd2e13fa410559881235b1f1a9bb3c1, another_column
Mrs. Jarrett Dickens, stefan.block@fisher.io, 38030, 8b0aea400a80120fc34132c98063a067, another_column
Kory Bartell, otilia@wilkinson.biz, 21748-6546, 89c5b22862628e00ccecd8f43592e280, another_column
Kyla Lindgren, maybelle@roobkutch.net, 25395, 09cfa2eddd7c6e6257cfd2e9252b458e, another_column
Adeline Stracke, yazmin_bartell@stoltenberg.name, 40942, bf4939716a7cdb52d3a5369bf1311749, another_column
Leif Jast, samson@macgyver.com, 21480, 93967cfb70c8c0fb6a95818a453e3ac1, another_column
Berry Bernier, tia.wisoky@hodkiewiczgaylord.org, 59701, cd2cc6ba3cb8f0212b6e1528692d21f4, another_column
Lavina Funk, jacklyn_pfeffer@batz.io, 31312-9375, c37f7b992b3d1c1b5ca9299a2b2cb6b2, another_column
Randy Wiegand DVM, keira@koepp.io, 54806-2903, d917d585b66b74487ea05919d261f6eb, another_column
Cayla Cronin, vivianne@jacobs.name, 67324, 098ae5318b25f8cf83cd6428dd228755, another_column
Dr. Lloyd Kreiger, devyn.walker@granthilpert.net, 27447, b8f805fab792b098c6c97e72b36c7044, another_column
Genesis Botsford, sigmund_ruel@bernierschmitt.com, 78635-7846, a7ae22f84095a639a8c9bd76d2170080, another_column
Akeem Christiansen, alysa.brakus@dickinson.info, 56160, 95edcbcac9c3a655b3327283414a9c1b, another_column
Miss Margarette Purdy, breanna@daugherty.name, 94564, 36f0788cc5a5a5f89423ba2d67b1d492, another_column
Dangelo Schuster, adolf.zieme@hahn.biz, 34813-2611, 4c5e397c5461af8bdec2a0730db0bf63, another_column
Jerel Ledner Sr., derrick_king@donnelly.io, 23299-7507, 497592625f86f5bcd22b0c8244eb612b, another_column
Guido Nader, kristin.kihn@kirlincummerata.com, 10927, 3c7d4a9d6bb0b8711fe28910f19f52fc, another_column
Susana Farrell, estell@daniel.com, 47177, bfdb7caeed4920d8a9d191819375361c, another_column
Mr. Nathan Heidenreich, evert.muller@wolfpollich.org, 26261-8284, 4f4e963f413727b34be10e41b59bd0e8, another_column
Michelle Pacocha, nicholaus@blockquitzon.name, 25329, de8ef3a86e5f666b8a99c57e51c77335, another_column
Bailey Dickinson V, edwina_schneider@bayer.net, 82887, 395f3dbbdb9f6068582ff01d4a0e4c14, another_column
Dr. Dariana Kulas, elza.howe@runolfon.name, 74382-3044, 98f04a9f5ed5cf229c09a7f1d6be273d, another_column
Rebeca Ullrich, armani@larkin.co, 85035, 87130461d53ddaa5a2ed320f7e8ee849, another_column
Anastacio Kilback DDS, reed@krajcik.biz, 63029-4380, b43512b8ad87acba7bb6ba9338a9cc80, another_column
Amber Bartoletti Jr., shawn.quigley@zulaufquitzon.io, 17643-9171, b6751e717eac662a48bdd3da48ba54b5, another_column
Pasquale Hessel, ansel@jacobs.biz, 75974-6382, df833b9098a08a7a6de744ef0181614e, another_column
Veronica Mueller III, mariela.ryan@emard.co, 41162-8609, f9943fdb270f7d38442f06399158d88e, another_column
Wilfredo Boyer, willow@macejkovicwintheiser.biz, 80363-0354, 59349363d905fc8ffd336939e980b221, another_column
Dr. Joanny Torp, bruce@shanahankirlin.io, 65033, d999bc462448916c70413cd5b131feae, another_column
Kacie Franecki, ariane.kertzmann@wisoky.biz, 59828-3936, f09387c67fed5c1bc656287e0b8118e4, another_column
Cayla Ruecker, daija_cruickshank@bartolettiheller.io, 88819-6877, 482602afddea399f75bf679bd4a50a15, another_column
Abel Runolfsson, reagan_jast@rohan.org, 74258-5878, 7a9d5b9ab4393cb7d29ec8407fb151ce, another_column
Freddie Schinner III, benton.rogahn@beatty.co, 36434-4486, 6fb9a5f46611101b1805e8def45f41ec, another_column
Trent Little, modesto_collins@lynch.io, 81738, d67eb0e76f90a2c18712c4b97e79b4f4, another_column
Trenton Ullrich, solon@kuhnconnelly.info, 57663, 456bdfd32e93b7cf43b5dda3325721c6, another_column
Ms. Douglas Kshlerin, jan.dietrich@mcdermott.biz, 36664-9118, 08f713a7533af6daa684af0aa5df3a01, another_column
Jayce Harris, randall_huels@feeneytrantow.biz, 59059, da93ff04d607ac83a0d59d5537c0ba79, another_column
Peter Cummings, adriana_mcglynn@wilkinson.info, 21244, e73362a4da0068e01d746165eff5ea9a, another_column
Jennings Kulas, kade_aufderhar@runolfsdottirebert.io, 45879-2945, 1aa0e19cd7eeef6dc94f634c2b675767, another_column
Miss Courtney Hintz, treva.kemmer@stark.name, 36123-4306, 598fd7f2f894473e4e33fe2a9336a9ab, another_column
Miss Levi Ryan, brenna@lakin.net, 56348-3037, e03fef12a2f9b30f87e2ea1239bafd2f, another_column
Marcia Gislason, henderson@koelpinmiller.biz, 56033, 4e48fb69722cdebab46862c316d65b5a, another_column
Vena Kling I, emile@hartmannlueilwitz.co, 40615, bd3a2d1760e8d3e154bc0b9ca4ac1b57, another_column
Madelynn Spinka, kailey@bayer.com, 39333-7919, c71500a1433b5866c0ec8913391eadf3, another_column
